{"cameraMode":{"drawMode":0,"name":"Shaded","section":"Shading Mode"},"sceneLighting":true,"audioPlay":false,"sceneViewState":{"showFog":true,"showMaterialUpdate":false,"showSkybox":true,"showFlares":true,"showImageEffects":true,"showParticleSystems":true},"in2DMode":false,"pivot":{"x":0.005243254825472832,"y":0.04634428769350052,"z":0.00006002932786941528},"rotation":{"x":0.11302659660577774,"y":-0.8750165104866028,"z":0.24670447409152986,"w":0.40088412165641787},"size":0.34097790718078616,"orthographic":false}